Protocollo;Gruppo;DataOraIncidente;Localizzazione1;STRADA1;Localizzazione2;STRADA2;Strada02;Chilometrica;DaSpecificare;NaturaIncidente;particolaritastrade;TipoStrada;FondoStradale;Pavimentazione;Segnaletica;CondizioneAtmosferica;Traffico;Visibilita;Illuminazione;NUM_FERITI;NUM_RISERVATA;NUM_MORTI;NUM_ILLESI;Longitudine;Latitudine;Confermato;Progressivo;TipoVeicolo;StatoVeicolo;TipoPersona;Sesso;Tipolesione;Deceduto;DecedutoDopo;CinturaCascoUtilizzato;Airbag
2888442;5;06/07/2016 10:00;Strada Urbana;VIA DEI DURANTINI;in prossimità;;del civico n.;320;;Scontro laterale fra veicoli in marcia;Rettilineo;Una carreggiata a doppio senso;Asciutto;Asfaltata;Orizzontale;Sereno;Normale;Buona;Ore Diurne;0;0;0;3;12,54455;41,91818;-1;1;Autovettura privata;In marcia / fermata / arresto;Conducente;M;Illeso;0;;Non accertato;Inesploso
2888442;5;06/07/2016 10:00;Strada Urbana;VIA DEI DURANTINI;in prossimità;;del civico n.;320;;Scontro laterale fra veicoli in marcia;Rettilineo;Una carreggiata a doppio senso;Asciutto;Asfaltata;Orizzontale;Sereno;Normale;Buona;Ore Diurne;0;0;0;3;12,54455;41,91818;-1;2;Autovettura privata;In marcia / fermata / arresto;Conducente;M;Illeso;0;;Non accertato;Inesploso
2888442;5;06/07/2016 10:00;Strada Urbana;VIA DEI DURANTINI;in prossimità;;del civico n.;320;;Scontro laterale fra veicoli in marcia;Rettilineo;Una carreggiata a doppio senso;Asciutto;Asfaltata;Orizzontale;Sereno;Normale;Buona;Ore Diurne;0;0;0;3;12,54455;41,91818;-1;3;Autocarro inferiore 35 q.;In marcia / fermata / arresto;Conducente;M;Illeso;0;;Non accertato;Inesploso
2888446;5;06/07/2016 12:00;Strada Urbana;VIA CAMILLO CORSANEGO;da specificare;;;;p.tà VIA E. D'ONOFRIO;Veicolo in marcia contro veicolo in sosta;Rettilineo;Una carreggiata a doppio senso;Asciutto;Asfaltata;Assente;Sereno;Normale;Buona;Ore Diurne;0;0;0;1;12,57461;41,91397;-1;1;Autovettura privata;In marcia / fermata / arresto;Conducente;F;Illeso;0;;Non accertato;Inesploso
2888461;11;06/07/2016 13:00;Strada Urbana;VIALE DEL TINTORETTO;all'intersezione semaforizzata con;VIA DEL SERAFICO;VIA DEL SERAFICO;;;Tamponamento;Intersezione semaforizzata;Due carreggiate;Asciutto;Asfaltata;Verticale ed orizzontale;Sereno;Normale;Buona;Ore Diurne;0;0;0;3;12,4913;41,83333;-1;1;Autovettura privata;In marcia / fermata / arresto;Conducente;F;Illeso;0;;Non accertato;Inesploso
2888461;11;06/07/2016 13:00;Strada Urbana;VIALE DEL TINTORETTO;all'intersezione semaforizzata con;VIA DEL SERAFICO;VIA DEL SERAFICO;;;Tamponamento;Intersezione semaforizzata;Due carreggiate;Asciutto;Asfaltata;Verticale ed orizzontale;Sereno;Normale;Buona;Ore Diurne;0;0;0;3;12,4913;41,83333;-1;2;Autovettura privata;In marcia / fermata / arresto;Conducente;M;Illeso;0;;Non accertato;Inesploso
2888461;11;06/07/2016 13:00;Strada Urbana;VIALE DEL TINTORETTO;all'intersezione semaforizzata con;VIA DEL SERAFICO;VIA DEL SERAFICO;;;Tamponamento;Intersezione semaforizzata;Due carreggiate;Asciutto;Asfaltata;Verticale ed orizzontale;Sereno;Normale;Buona;Ore Diurne;0;0;0;3;12,4913;41,83333;-1;2;Autovettura privata;In marcia / fermata / arresto;Passeggero;M;Illeso;0;;Non accertato;Inesploso
2888464;5;06/07/2016 13:40;Strada Urbana;VIA BELMONTE IN SABINA;da specificare;;;;altezza svincolo inversione di marcia;Scontro frontale/laterale SX fra veicoli in marcia;Rettilineo;Due carreggiate;Asciutto;Asfaltata;Verticale ed orizzontale;Sereno;Normale;Buona;Ore Diurne;0;0;0;3;12,60231;41,95403;-1;1;Autocarro inferiore 35 q.;In marcia / fermata / arresto;Conducente;M;Illeso;0;;Non accertato;
2888464;5;06/07/2016 13:40;Strada Urbana;VIA BELMONTE IN SABINA;da specificare;;;;altezza svincolo inversione di marcia;Scontro frontale/laterale SX fra veicoli in marcia;Rettilineo;Due carreggiate;Asciutto;Asfaltata;Verticale ed orizzontale;Sereno;Normale;Buona;Ore Diurne;0;0;0;3;12,60231;41,95403;-1;2;Autovettura privata;In marcia / fermata / arresto;Conducente;M;Illeso;0;;Non accertato;
2888464;5;06/07/2016 13:40;Strada Urbana;VIA BELMONTE IN SABINA;da specificare;;;;altezza svincolo inversione di marcia;Scontro frontale/laterale SX fra veicoli in marcia;Rettilineo;Due carreggiate;Asciutto;Asfaltata;Verticale ed orizzontale;Sereno;Normale;Buona;Ore Diurne;0;0;0;3;12,60231;41,95403;-1;2;Autovettura privata;In marcia / fermata / arresto;Passeggero;M;Illeso;0;;Non accertato;
2888471;11;06/07/2016 19:25;Strada Urbana;VIA OSTIENSE;in corrispondenza;;del civico n.;166A;;Investimento di pedone;Rettilineo;Più di due carreggiate;Asciutto;Asfaltata;Verticale ed orizzontale;Sereno;Normale;Buona;Ore Diurne;1;0;0;2;12,47844;41,86401;-1;;;;Pedone;F;Rimandato;0;NON DECEDUTO;;
2888471;11;06/07/2016 19:25;Strada Urbana;VIA OSTIENSE;in corrispondenza;;del civico n.;166A;;Investimento di pedone;Rettilineo;Più di due carreggiate;Asciutto;Asfaltata;Verticale ed orizzontale;Sereno;Normale;Buona;Ore Diurne;1;0;0;2;12,47844;41,86401;-1;1;Autovettura privata;In marcia / fermata / arresto;Conducente;M;Illeso;0;;;
2888471;11;06/07/2016 19:25;Strada Urbana;VIA OSTIENSE;in corrispondenza;;del civico n.;166A;;Investimento di pedone;Rettilineo;Più di due carreggiate;Asciutto;Asfaltata;Verticale ed orizzontale;Sereno;Normale;Buona;Ore Diurne;1;0;0;2;12,47844;41,86401;-1;1;Autovettura privata;In marcia / fermata / arresto;Passeggero;F;Illeso;0;;;
2888475;5;06/07/2016 07:00;Strada Urbana;VIA TIBURTINA;in prossimità;;del civico n.;1349;;Tamponamento;Rettilineo;Due carreggiate;Asciutto;Asfaltata;Verticale ed orizzontale;Sereno;Intenso;Buona;Ore Diurne;1;0;0;1;12,61842;41,93742;-1;1;Autocarro inferiore 35 q.;In marcia / fermata / arresto;Conducente;M;Rimandato;0;NON DECEDUTO;Non accertato;
2888475;5;06/07/2016 07:00;Strada Urbana;VIA TIBURTINA;in prossimità;;del civico n.;1349;;Tamponamento;Rettilineo;Due carreggiate;Asciutto;Asfaltata;Verticale ed orizzontale;Sereno;Intenso;Buona;Ore Diurne;1;0;0;1;12,61842;41,93742;-1;2;Autocarro inferiore 35 q.;In marcia / fermata / arresto;Conducente;M;Illeso;0;;Non accertato;
2888479;7;06/07/2016 12:30;Strada Urbana;VIA DEI CASTANI;in corrispondenza;;del civico n.;20;;Investimento di pedone;Rettilineo;Una carreggiata a doppio senso;Asciutto;Asfaltata;Orizzontale;Sereno;Normale;Buona;Ore Diurne;1;0;0;1;12,56634;41,87776;-1;;;;Pedone;F;Ricoverato;0;NON DECEDUTO;;
2888479;7;06/07/2016 12:30;Strada Urbana;VIA DEI CASTANI;in corrispondenza;;del civico n.;20;;Investimento di pedone;Rettilineo;Una carreggiata a doppio senso;Asciutto;Asfaltata;Orizzontale;Sereno;Normale;Buona;Ore Diurne;1;0;0;1;12,56634;41,87776;-1;1;Autovettura privata;In marcia / fermata / arresto;Conducente;M;Illeso;0;;;
2888480;11;07/07/2016 04:45;Strada Urbana;VIA LAURENTINA;da specificare;;;;dir. centro altezza svincolo per viadotto Magliana;Veicolo in marcia contro ostacolo accidentale;Rettilineo;Due carreggiate;Asciutto;Asfaltata;Verticale ed orizzontale;Sereno;Scarso;Buona;Sufficiente;0;0;0;3;12,48147;41,8018;-1;1;Autovettura privata;In marcia / fermata / arresto;Conducente;M;Illeso;0;;Non accertato;Esploso
2888480;11;07/07/2016 04:45;Strada Urbana;VIA LAURENTINA;da specificare;;;;dir. centro altezza svincolo per viadotto Magliana;Veicolo in marcia contro ostacolo accidentale;Rettilineo;Due carreggiate;Asciutto;Asfaltata;Verticale ed orizzontale;Sereno;Scarso;Buona;Sufficiente;0;0;0;3;12,48147;41,8018;-1;1;Autovettura privata;In marcia / fermata / arresto;Passeggero;M;Illeso;0;;Non accertato;Inesploso
2888480;11;07/07/2016 04:45;Strada Urbana;VIA LAURENTINA;da specificare;;;;dir. centro altezza svincolo per viadotto Magliana;Veicolo in marcia contro ostacolo accidentale;Rettilineo;Due carreggiate;Asciutto;Asfaltata;Verticale ed orizzontale;Sereno;Scarso;Buona;Sufficiente;0;0;0;3;12,48147;41,8018;-1;2;Autobus di linea;In marcia / fermata / arresto;Conducente;M;Illeso;0;;;
2888484;5;06/07/2016 08:20;Strada Urbana;VIA POPPEA SABINA;all'intersezione con;VIA CRESCENZIO CONTE DI SABINA;VIA CRESCENZIO CONTE DI SABINA;;;Investimento di pedone;Incrocio;Una carreggiata a senso unico di marcia;Asciutto;Asfaltata;Verticale ed orizzontale;Sereno;Normale;Buona;Ore Diurne;0;0;0;3;12,60147;41,9481;-1;;;;Pedone sconosciuto;;Illeso;0;;;
2888484;5;06/07/2016 08:20;Strada Urbana;VIA POPPEA SABINA;all'intersezione con;VIA CRESCENZIO CONTE DI SABINA;VIA CRESCENZIO CONTE DI SABINA;;;Investimento di pedone;Incrocio;Una carreggiata a senso unico di marcia;Asciutto;Asfaltata;Verticale ed orizzontale;Sereno;Normale;Buona;Ore Diurne;0;0;0;3;12,60147;41,9481;-1;1;Autovettura privata;In marcia / fermata / arresto;Conducente;F;Illeso;0;;Non accertato;Inesploso
2888484;5;06/07/2016 08:20;Strada Urbana;VIA POPPEA SABINA;all'intersezione con;VIA CRESCENZIO CONTE DI SABINA;VIA CRESCENZIO CONTE DI SABINA;;;Investimento di pedone;Incrocio;Una carreggiata a senso unico di marcia;Asciutto;Asfaltata;Verticale ed orizzontale;Sereno;Normale;Buona;Ore Diurne;0;0;0;3;12,60147;41,9481;-1;1;Autovettura privata;In marcia / fermata / arresto;Passeggero;F;Illeso;0;;Non accertato;Inesploso
2888506;13;06/07/2016 17:30;Strada Urbana;VIALE DELLE REPUBBLICHE MARINARE;all'intersezione con;CORSO DUCA DI GENOVA;CORSO DUCA DI GENOVA;;;Infortunio per sola frenata improvvisa;Incrocio;Una carreggiata a doppio senso;Asciutto;Asfaltata;Verticale ed orizzontale;Sereno;Normale;Buona;Ore Diurne;0;0;0;3;12,27145;41,73394;-1;1;Autovettura privata;In marcia / fermata / arresto;Conducente;M;Illeso;0;;Non accertato;Inesploso
2888506;13;06/07/2016 17:30;Strada Urbana;VIALE DELLE REPUBBLICHE MARINARE;all'intersezione con;CORSO DUCA DI GENOVA;CORSO DUCA DI GENOVA;;;Infortunio per sola frenata improvvisa;Incrocio;Una carreggiata a doppio senso;Asciutto;Asfaltata;Verticale ed orizzontale;Sereno;Normale;Buona;Ore Diurne;0;0;0;3;12,27145;41,73394;-1;1;Autovettura privata;In marcia / fermata / arresto;Passeggero;F;Illeso;0;;Non accertato;Inesploso
2888506;13;06/07/2016 17:30;Strada Urbana;VIALE DELLE REPUBBLICHE MARINARE;all'intersezione con;CORSO DUCA DI GENOVA;CORSO DUCA DI GENOVA;;;Infortunio per sola frenata improvvisa;Incrocio;Una carreggiata a doppio senso;Asciutto;Asfaltata;Verticale ed orizzontale;Sereno;Normale;Buona;Ore Diurne;0;0;0;3;12,27145;41,73394;-1;2;Motociclo a solo;In marcia / fermata / arresto;Conducente;M;Illeso;0;;Non accertato;
2888508;8;06/07/2016 20:25;Provinciale entro l'abitato;VIA POLENSE;all'intersezione con;VIA LUNANO;VIA LUNANO;;;Veicolo in marcia contro ostacolo accidentale;Incrocio;Una carreggiata a doppio senso;Asciutto;Asfaltata;Orizzontale;Sereno;Scarso;Sufficiente;Sufficiente;0;0;0;2;12,73968;41,91774;-1;1;Autovettura privata;In marcia / fermata / arresto;Conducente;F;Illeso;0;;Non accertato;Inesploso
2888508;8;06/07/2016 20:25;Provinciale entro l'abitato;VIA POLENSE;all'intersezione con;VIA LUNANO;VIA LUNANO;;;Veicolo in marcia contro ostacolo accidentale;Incrocio;Una carreggiata a doppio senso;Asciutto;Asfaltata;Orizzontale;Sereno;Scarso;Sufficiente;Sufficiente;0;0;0;2;12,73968;41,91774;-1;1;Autovettura privata;In marcia / fermata / arresto;Passeggero;M;Illeso;0;;Non accertato;Inesploso
2888509;7;06/07/2016 10:50;Strada Urbana;VIA PRENESTINA;all'intersezione con;VIA MURACCIO DI RISCHIARO;VIA MURACCIO DI RISCHIARO;;;Scontro frontale/laterale DX fra veicoli in marcia;Intersezione stradale segnalata;Una carreggiata a doppio senso;Asciutto;Asfaltata;Verticale ed orizzontale;Sereno;Intenso;Buona;Ore Diurne;0;0;0;2;12,60622;41,89382;-1;1;Motociclo con passeggero;In marcia / fermata / arresto;Conducente;M;Illeso;0;;Non accertato;
2888509;7;06/07/2016 10:50;Strada Urbana;VIA PRENESTINA;all'intersezione con;VIA MURACCIO DI RISCHIARO;VIA MURACCIO DI RISCHIARO;;;Scontro frontale/laterale DX fra veicoli in marcia;Intersezione stradale segnalata;Una carreggiata a doppio senso;Asciutto;Asfaltata;Verticale ed orizzontale;Sereno;Intenso;Buona;Ore Diurne;0;0;0;2;12,60622;41,89382;-1;2;Autocarro inferiore 35 q.;In marcia / fermata / arresto;Conducente;M;Illeso;0;;Non accertato;Inesploso
2888510;8;06/07/2016 11:30;Strada Urbana;VIA DELL' OSTERIA DEL FINOCCHIO;in corrispondenza;;del civico n.;60 A;;Veicolo in marcia contro ostacolo accidentale;Rettilineo;Una carreggiata a doppio senso;Asciutto;Strada pavimentata dissestata;Verticale;Sereno;Normale;Buona;Ore Diurne;0;0;0;1;12,68274;41,86089;-1;1;Autovettura privata;In marcia / fermata / arresto;Conducente;F;Illeso;0;;Non accertato;Inesploso
2888511;20;06/07/2016 09:15;Statale entro l'abitato;VIA CASSIA;all'intersezione con;VIA GIUSEPPE ADAMI;VIA GIUSEPPE ADAMI;;;Scontro laterale fra veicoli in marcia;Incrocio;Una carreggiata a doppio senso;Asciutto;Asfaltata;Verticale ed orizzontale;Sereno;Normale;Buona;Ore Diurne;1;0;0;1;12,41425;41,9826;-1;1;Motociclo a solo;In marcia / fermata / arresto;Conducente;M;Rimandato;0;NON DECEDUTO;Non accertato;
2888511;20;06/07/2016 09:15;Statale entro l'abitato;VIA CASSIA;all'intersezione con;VIA GIUSEPPE ADAMI;VIA GIUSEPPE ADAMI;;;Scontro laterale fra veicoli in marcia;Incrocio;Una carreggiata a doppio senso;Asciutto;Asfaltata;Verticale ed orizzontale;Sereno;Normale;Buona;Ore Diurne;1;0;0;1;12,41425;41,9826;-1;2;Autovettura privata;In marcia / fermata / arresto;Conducente;F;Illeso;0;;Non accertato;
2888512;8;06/07/2016 19:00;Strada Urbana;VIA BORGHESIANA;da specificare;;;;"altezza cavalcavia metro ""C"" dir. Via Mezzoiuso";Tamponamento Multiplo;Pendenza;Una carreggiata a doppio senso;Asciutto;Asfaltata;Verticale ed orizzontale;Sereno;Normale;Sufficiente;Ore Diurne;1;0;0;4;12,67546;41,86438;-1;1;Autovettura privata;In marcia / fermata / arresto;Conducente;F;Illeso;0;;Non accertato;Inesploso
2888512;8;06/07/2016 19:00;Strada Urbana;VIA BORGHESIANA;da specificare;;;;"altezza cavalcavia metro ""C"" dir. Via Mezzoiuso";Tamponamento Multiplo;Pendenza;Una carreggiata a doppio senso;Asciutto;Asfaltata;Verticale ed orizzontale;Sereno;Normale;Sufficiente;Ore Diurne;1;0;0;4;12,67546;41,86438;-1;1;Autovettura privata;In marcia / fermata / arresto;Passeggero;M;Illeso;0;;Non accertato;Inesploso
2888512;8;06/07/2016 19:00;Strada Urbana;VIA BORGHESIANA;da specificare;;;;"altezza cavalcavia metro ""C"" dir. Via Mezzoiuso";Tamponamento Multiplo;Pendenza;Una carreggiata a doppio senso;Asciutto;Asfaltata;Verticale ed orizzontale;Sereno;Normale;Sufficiente;Ore Diurne;1;0;0;4;12,67546;41,86438;-1;1;Autovettura privata;In marcia / fermata / arresto;Passeggero;F;Illeso;0;;Non accertato;Inesistente
2888512;8;06/07/2016 19:00;Strada Urbana;VIA BORGHESIANA;da specificare;;;;"altezza cavalcavia metro ""C"" dir. Via Mezzoiuso";Tamponamento Multiplo;Pendenza;Una carreggiata a doppio senso;Asciutto;Asfaltata;Verticale ed orizzontale;Sereno;Normale;Sufficiente;Ore Diurne;1;0;0;4;12,67546;41,86438;-1;2;Autovettura privata;In marcia / fermata / arresto;Conducente;M;Rimandato;0;NON DECEDUTO;Non accertato;Inesploso
2888512;8;06/07/2016 19:00;Strada Urbana;VIA BORGHESIANA;da specificare;;;;"altezza cavalcavia metro ""C"" dir. Via Mezzoiuso";Tamponamento Multiplo;Pendenza;Una carreggiata a doppio senso;Asciutto;Asfaltata;Verticale ed orizzontale;Sereno;Normale;Sufficiente;Ore Diurne;1;0;0;4;12,67546;41,86438;-1;3;Autovettura privata;In marcia / fermata / arresto;Conducente;M;Illeso;0;;Non accertato;Inesploso
2888513;8;07/07/2016;Strada Urbana;VIA SICULIANA;all'intersezione con;VIA ISPICA;VIA ISPICA;;;Scontro frontale/laterale DX fra veicoli in marcia;Intersezione non regolata/non segnalata;Una carreggiata a doppio senso;Asciutto;Asfaltata;Verticale ed orizzontale;Sereno;Scarso;Sufficiente;Sufficiente;2;0;0;2;12,6538;41,87145;-1;1;Autovettura privata;In marcia / fermata / arresto;Conducente;F;Illeso;0;;Non accertato;Inesploso
2888513;8;07/07/2016;Strada Urbana;VIA SICULIANA;all'intersezione con;VIA ISPICA;VIA ISPICA;;;Scontro frontale/laterale DX fra veicoli in marcia;Intersezione non regolata/non segnalata;Una carreggiata a doppio senso;Asciutto;Asfaltata;Verticale ed orizzontale;Sereno;Scarso;Sufficiente;Sufficiente;2;0;0;2;12,6538;41,87145;-1;1;Autovettura privata;In marcia / fermata / arresto;Passeggero;M;Illeso;0;;Non accertato;Inesploso
2888513;8;07/07/2016;Strada Urbana;VIA SICULIANA;all'intersezione con;VIA ISPICA;VIA ISPICA;;;Scontro frontale/laterale DX fra veicoli in marcia;Intersezione non regolata/non segnalata;Una carreggiata a doppio senso;Asciutto;Asfaltata;Verticale ed orizzontale;Sereno;Scarso;Sufficiente;Sufficiente;2;0;0;2;12,6538;41,87145;-1;2;Autovettura privata;In marcia / fermata / arresto;Conducente;F;Rimandato;0;NON DECEDUTO;Non accertato;Inesploso
2888513;8;07/07/2016;Strada Urbana;VIA SICULIANA;all'intersezione con;VIA ISPICA;VIA ISPICA;;;Scontro frontale/laterale DX fra veicoli in marcia;Intersezione non regolata/non segnalata;Una carreggiata a doppio senso;Asciutto;Asfaltata;Verticale ed orizzontale;Sereno;Scarso;Sufficiente;Sufficiente;2;0;0;2;12,6538;41,87145;-1;2;Autovettura privata;In marcia / fermata / arresto;Passeggero;M;Rimandato;0;NON DECEDUTO;Non accertato;Inesploso
2888517;8;06/07/2016 17:15;Strada Urbana;VIA PARTANNA;all'intersezione con;VIA SCICLI;VIA SCICLI;;;Scontro frontale/laterale DX fra veicoli in marcia;Incrocio;Una carreggiata a doppio senso;Asciutto;Asfaltata;Verticale;Sereno;Scarso;Buona;Ore Diurne;1;0;0;5;12,65426;41,86696;-1;1;Autovettura privata;In marcia / fermata / arresto;Conducente;M;Illeso;0;;Non accertato;Inesploso
2888517;8;06/07/2016 17:15;Strada Urbana;VIA PARTANNA;all'intersezione con;VIA SCICLI;VIA SCICLI;;;Scontro frontale/laterale DX fra veicoli in marcia;Incrocio;Una carreggiata a doppio senso;Asciutto;Asfaltata;Verticale;Sereno;Scarso;Buona;Ore Diurne;1;0;0;5;12,65426;41,86696;-1;1;Autovettura privata;In marcia / fermata / arresto;Passeggero;M;Illeso;0;;Non accertato;Inesploso
2888517;8;06/07/2016 17:15;Strada Urbana;VIA PARTANNA;all'intersezione con;VIA SCICLI;VIA SCICLI;;;Scontro frontale/laterale DX fra veicoli in marcia;Incrocio;Una carreggiata a doppio senso;Asciutto;Asfaltata;Verticale;Sereno;Scarso;Buona;Ore Diurne;1;0;0;5;12,65426;41,86696;-1;2;Autovettura privata;In marcia / fermata / arresto;Conducente;M;Illeso;0;;Non accertato;Inesploso
2888517;8;06/07/2016 17:15;Strada Urbana;VIA PARTANNA;all'intersezione con;VIA SCICLI;VIA SCICLI;;;Scontro frontale/laterale DX fra veicoli in marcia;Incrocio;Una carreggiata a doppio senso;Asciutto;Asfaltata;Verticale;Sereno;Scarso;Buona;Ore Diurne;1;0;0;5;12,65426;41,86696;-1;2;Autovettura privata;In marcia / fermata / arresto;Passeggero;F;Rimandato;0;NON DECEDUTO;Non accertato;Inesploso
2888517;8;06/07/2016 17:15;Strada Urbana;VIA PARTANNA;all'intersezione con;VIA SCICLI;VIA SCICLI;;;Scontro frontale/laterale DX fra veicoli in marcia;Incrocio;Una carreggiata a doppio senso;Asciutto;Asfaltata;Verticale;Sereno;Scarso;Buona;Ore Diurne;1;0;0;5;12,65426;41,86696;-1;2;Autovettura privata;In marcia / fermata / arresto;Passeggero;F;Illeso;0;;Non accertato;Inesploso
2888517;8;06/07/2016 17:15;Strada Urbana;VIA PARTANNA;all'intersezione con;VIA SCICLI;VIA SCICLI;;;Scontro frontale/laterale DX fra veicoli in marcia;Incrocio;Una carreggiata a doppio senso;Asciutto;Asfaltata;Verticale;Sereno;Scarso;Buona;Ore Diurne;1;0;0;5;12,65426;41,86696;-1;2;Autovettura privata;In marcia / fermata / arresto;Passeggero;M;Illeso;0;;Non accertato;Inesploso
2888520;13;06/07/2016 19:00;Strada Urbana;VIA CRISTOFORO COLOMBO;all'intersezione con;VIA DEL CANALE DELLA LINGUA;VIA DEL CANALE DELLA LINGUA;;;Scontro frontale/laterale SX fra veicoli in marcia;Intersezione semaforizzata;Una carreggiata a doppio senso;Asciutto;Asfaltata;Verticale ed orizzontale;Sereno;Normale;Buona;Ore Diurne;0;1;0;2;12,34565;41,73629;-1;1;Autovettura privata;In marcia / fermata / arresto;Conducente;M;Illeso;0;;Non accertato;Inesploso
2888520;13;06/07/2016 19:00;Strada Urbana;VIA CRISTOFORO COLOMBO;all'intersezione con;VIA DEL CANALE DELLA LINGUA;VIA DEL CANALE DELLA LINGUA;;;Scontro frontale/laterale SX fra veicoli in marcia;Intersezione semaforizzata;Una carreggiata a doppio senso;Asciutto;Asfaltata;Verticale ed orizzontale;Sereno;Normale;Buona;Ore Diurne;0;1;0;2;12,34565;41,73629;-1;1;Autovettura privata;In marcia / fermata / arresto;Passeggero;F;Illeso;0;;Non accertato;
2888520;13;06/07/2016 19:00;Strada Urbana;VIA CRISTOFORO COLOMBO;all'intersezione con;VIA DEL CANALE DELLA LINGUA;VIA DEL CANALE DELLA LINGUA;;;Scontro frontale/laterale SX fra veicoli in marcia;Intersezione semaforizzata;Una carreggiata a doppio senso;Asciutto;Asfaltata;Verticale ed orizzontale;Sereno;Normale;Buona;Ore Diurne;0;1;0;2;12,34565;41,73629;-1;2;Motociclo a solo;In marcia / fermata / arresto;Conducente;M;Prognosi riservata;0;NON DECEDUTO;Non accertato;
2888559;6;07/07/2016 01:00;Strada Urbana;VIA DIGNANO D'ISTRIA;in corrispondenza;;del civico n.;21;;Veicolo in marcia contro veicolo in sosta;Rettilineo;Una carreggiata a senso unico di marcia;Asciutto;Asfaltata;Assente;Sereno;Scarso;Sufficiente;Sufficiente;0;0;0;1;12,55094;41,8944;-1;1;Autovettura privata;In marcia / fermata / arresto;Conducente;M;Illeso;0;;;
2888564;19;06/07/2016 11:00;Strada Urbana;VIA FRATELLI GUALANDI;all'intersezione con;VIA TRIONFALE;VIA TRIONFALE;;;Tamponamento;Incrocio;Una carreggiata a senso unico di marcia;Asciutto;Asfaltata;Verticale ed orizzontale;Sereno;Normale;Buona;Ore Diurne;0;0;0;4;12,42194;41,94258;-1;1;Autovettura privata;In marcia / fermata / arresto;Conducente;M;Illeso;0;;;
2888564;19;06/07/2016 11:00;Strada Urbana;VIA FRATELLI GUALANDI;all'intersezione con;VIA TRIONFALE;VIA TRIONFALE;;;Tamponamento;Incrocio;Una carreggiata a senso unico di marcia;Asciutto;Asfaltata;Verticale ed orizzontale;Sereno;Normale;Buona;Ore Diurne;0;0;0;4;12,42194;41,94258;-1;1;Autovettura privata;In marcia / fermata / arresto;Passeggero;F;Illeso;0;;;
2888564;19;06/07/2016 11:00;Strada Urbana;VIA FRATELLI GUALANDI;all'intersezione con;VIA TRIONFALE;VIA TRIONFALE;;;Tamponamento;Incrocio;Una carreggiata a senso unico di marcia;Asciutto;Asfaltata;Verticale ed orizzontale;Sereno;Normale;Buona;Ore Diurne;0;0;0;4;12,42194;41,94258;-1;2;Autovettura privata;In marcia / fermata / arresto;Conducente;F;Illeso;0;;;
2888564;19;06/07/2016 11:00;Strada Urbana;VIA FRATELLI GUALANDI;all'intersezione con;VIA TRIONFALE;VIA TRIONFALE;;;Tamponamento;Incrocio;Una carreggiata a senso unico di marcia;Asciutto;Asfaltata;Verticale ed orizzontale;Sereno;Normale;Buona;Ore Diurne;0;0;0;4;12,42194;41,94258;-1;2;Autovettura privata;In marcia / fermata / arresto;Passeggero;F;Illeso;0;;;
2888616;12;06/07/2016 10:30;Strada Urbana;VIA CRISTOFORO COLOMBO;da specificare;;;;dir. Roma altezza inversione di marcia P.le Nervi;Ribaltamento senza urto contro ostacolo fisso;Pendenza;Due carreggiate;Asciutto;Asfaltata;Verticale ed orizzontale;Sereno;Normale;Buona;Ore Diurne;1;0;0;1;12,42449;41,78815;-1;1;Autovettura privata;In marcia / fermata / arresto;Conducente;M;Illeso;0;;Utilizzato;Inesploso
2888616;12;06/07/2016 10:30;Strada Urbana;VIA CRISTOFORO COLOMBO;da specificare;;;;dir. Roma altezza inversione di marcia P.le Nervi;Ribaltamento senza urto contro ostacolo fisso;Pendenza;Due carreggiate;Asciutto;Asfaltata;Verticale ed orizzontale;Sereno;Normale;Buona;Ore Diurne;1;0;0;1;12,42449;41,78815;-1;2;Autovettura privata;In marcia / fermata / arresto;Conducente;F;Rimandato;0;NON DECEDUTO;Utilizzato;Inesploso
2888627;8;06/07/2016 16:10;Statale entro l'abitato;VIA CASILINA;in prossimità;;del civico n.;2205;;Scontro frontale/laterale DX fra veicoli in marcia;Rettilineo;Una carreggiata a doppio senso;Asciutto;Asfaltata;Verticale ed orizzontale;Sereno;Normale;Sufficiente;Ore Diurne;2;0;0;2;12,7014;41,86542;-1;1;Autovettura privata;In marcia / fermata / arresto;Conducente;M;Illeso;0;;Non accertato;Inesploso
2888627;8;06/07/2016 16:10;Statale entro l'abitato;VIA CASILINA;in prossimità;;del civico n.;2205;;Scontro frontale/laterale DX fra veicoli in marcia;Rettilineo;Una carreggiata a doppio senso;Asciutto;Asfaltata;Verticale ed orizzontale;Sereno;Normale;Sufficiente;Ore Diurne;2;0;0;2;12,7014;41,86542;-1;1;Autovettura privata;In marcia / fermata / arresto;Passeggero;F;Illeso;0;;Non accertato;Inesploso
2888627;8;06/07/2016 16:10;Statale entro l'abitato;VIA CASILINA;in prossimità;;del civico n.;2205;;Scontro frontale/laterale DX fra veicoli in marcia;Rettilineo;Una carreggiata a doppio senso;Asciutto;Asfaltata;Verticale ed orizzontale;Sereno;Normale;Sufficiente;Ore Diurne;2;0;0;2;12,7014;41,86542;-1;2;Motociclo con passeggero;In marcia / fermata / arresto;Conducente;M;Ricoverato;0;NON DECEDUTO;Non accertato;