Protocollo;Gruppo;DataOraIncidente;Localizzazione1;STRADA1;Localizzazione2;STRADA2;Strada02;Chilometrica;DaSpecificare;NaturaIncidente;particolaritastrade;TipoStrada;FondoStradale;Pavimentazione;Segnaletica;CondizioneAtmosferica;Traffico;Visibilita;Illuminazione;NUM_FERITI;NUM_RISERVATA;NUM_MORTI;NUM_ILLESI;Longitudine;Latitudine;Confermato;Progressivo;TipoVeicolo;StatoVeicolo;TipoPersona;Sesso;Tipolesione;Deceduto;DecedutoDopo;CinturaCascoUtilizzato;Airbag
2895212;12;12/07/2016 16:05;Strada Urbana;VIALE DELL'OCEANO ATLANTICO;da specificare;;;;alt. parcheggio civico 271;Scontro laterale fra veicoli in marcia;Rettilineo;Due carreggiate;Asciutto;Asfaltata;Verticale ed orizzontale;Sereno;Normale;Buona;Ore Diurne;1;0;0;1;12,46451;41,81845;-1;1;Autovettura privata;In marcia / fermata / arresto;Conducente;F;Illeso;0;;Utilizzato;Inesploso
2895212;12;12/07/2016 16:05;Strada Urbana;VIALE DELL'OCEANO ATLANTICO;da specificare;;;;alt. parcheggio civico 271;Scontro laterale fra veicoli in marcia;Rettilineo;Due carreggiate;Asciutto;Asfaltata;Verticale ed orizzontale;Sereno;Normale;Buona;Ore Diurne;1;0;0;1;12,46451;41,81845;-1;2;Motociclo a solo;In marcia / fermata / arresto;Conducente;M;Rimandato;0;NON DECEDUTO;Utilizzato;
2895275;1;10/07/2016 15:45;Strada Urbana;PASSEGGIATA DI RIPETTA;da specificare;;;;in corrispondenza albero n. 39;Veicolo in marcia contro ostacolo fisso;Rettilineo;Una carreggiata a senso unico di marcia;Asciutto;In cubetti di porfido;Verticale ed orizzontale;Sereno;Normale;Buona;Ore Diurne;1;0;0;0;12,4744;41,90854;-1;1;Autovettura privata;In marcia / fermata / arresto;Conducente;M;Rimandato;0;NON DECEDUTO;Non accertato;Esploso
2895372;12;07/07/2016 16:10;Regionale;VIA PONTINA;da specificare;;;;direzione Latina Km 15.600;Tamponamento Multiplo;Rettilineo;Due carreggiate;Asciutto;Asfaltata;Verticale ed orizzontale;Sereno;Intenso;Buona;Ore Diurne;4;0;0;3;12,45187;41,79345;-1;1;Autovettura privata;In marcia / fermata / arresto;Conducente;F;Rimandato;0;NON DECEDUTO;Non accertato;Inesistente
2895372;12;07/07/2016 16:10;Regionale;VIA PONTINA;da specificare;;;;direzione Latina Km 15.600;Tamponamento Multiplo;Rettilineo;Due carreggiate;Asciutto;Asfaltata;Verticale ed orizzontale;Sereno;Intenso;Buona;Ore Diurne;4;0;0;3;12,45187;41,79345;-1;1;Autovettura privata;In marcia / fermata / arresto;Passeggero;M;Rimandato;0;NON DECEDUTO;Non accertato;Inesistente
2895372;12;07/07/2016 16:10;Regionale;VIA PONTINA;da specificare;;;;direzione Latina Km 15.600;Tamponamento Multiplo;Rettilineo;Due carreggiate;Asciutto;Asfaltata;Verticale ed orizzontale;Sereno;Intenso;Buona;Ore Diurne;4;0;0;3;12,45187;41,79345;-1;2;Autovettura privata;In marcia / fermata / arresto;Conducente;M;Rimandato;0;NON DECEDUTO;Non accertato;Inesistente
2895372;12;07/07/2016 16:10;Regionale;VIA PONTINA;da specificare;;;;direzione Latina Km 15.600;Tamponamento Multiplo;Rettilineo;Due carreggiate;Asciutto;Asfaltata;Verticale ed orizzontale;Sereno;Intenso;Buona;Ore Diurne;4;0;0;3;12,45187;41,79345;-1;2;Autovettura privata;In marcia / fermata / arresto;Passeggero;F;Rimandato;0;NON DECEDUTO;Non accertato;Inesistente
2895372;12;07/07/2016 16:10;Regionale;VIA PONTINA;da specificare;;;;direzione Latina Km 15.600;Tamponamento Multiplo;Rettilineo;Due carreggiate;Asciutto;Asfaltata;Verticale ed orizzontale;Sereno;Intenso;Buona;Ore Diurne;4;0;0;3;12,45187;41,79345;-1;3;Autoveicolo trasp.promisc.;In marcia / fermata / arresto;Conducente;M;Illeso;0;;Non accertato;Inesistente
2895372;12;07/07/2016 16:10;Regionale;VIA PONTINA;da specificare;;;;direzione Latina Km 15.600;Tamponamento Multiplo;Rettilineo;Due carreggiate;Asciutto;Asfaltata;Verticale ed orizzontale;Sereno;Intenso;Buona;Ore Diurne;4;0;0;3;12,45187;41,79345;-1;3;Autoveicolo trasp.promisc.;In marcia / fermata / arresto;Passeggero;M;Illeso;0;;Non accertato;Inesploso
2895372;12;07/07/2016 16:10;Regionale;VIA PONTINA;da specificare;;;;direzione Latina Km 15.600;Tamponamento Multiplo;Rettilineo;Due carreggiate;Asciutto;Asfaltata;Verticale ed orizzontale;Sereno;Intenso;Buona;Ore Diurne;4;0;0;3;12,45187;41,79345;-1;3;Autoveicolo trasp.promisc.;In marcia / fermata / arresto;Passeggero;M;Illeso;0;;Non accertato;Inesistente
2895380;12;07/07/2016 17:45;Regionale;VIA PONTINA;da specificare;;;;km 11,300 dir. Latina;Tamponamento;Rettilineo;Due carreggiate;Asciutto;Asfaltata;Verticale ed orizzontale;Sereno;Intenso;Buona;Ore Diurne;0;0;0;1;12,45106;41,79235;-1;1;Autovettura privata;In marcia / fermata / arresto;Conducente;M;Illeso;0;;Utilizzato;Inesploso
2895391;12;08/07/2016 11:20;Strada Urbana;VIALE BEETHOVEN;all'intersezione con;VIALE DELL'ASTRONOMIA;VIALE DELL'ASTRONOMIA;;;Scontro frontale/laterale DX fra veicoli in marcia;Intersezione stradale segnalata;Una carreggiata a doppio senso;Asciutto;Asfaltata;Verticale ed orizzontale;Sereno;Normale;Buona;Ore Diurne;0;0;0;2;12,46724;41,83416;-1;1;Autovettura privata;In marcia / fermata / arresto;Conducente;F;Illeso;0;;Non accertato;
2895391;12;08/07/2016 11:20;Strada Urbana;VIALE BEETHOVEN;all'intersezione con;VIALE DELL'ASTRONOMIA;VIALE DELL'ASTRONOMIA;;;Scontro frontale/laterale DX fra veicoli in marcia;Intersezione stradale segnalata;Una carreggiata a doppio senso;Asciutto;Asfaltata;Verticale ed orizzontale;Sereno;Normale;Buona;Ore Diurne;0;0;0;2;12,46724;41,83416;-1;2;Autovettura privata;In marcia / fermata / arresto;Conducente;F;Illeso;0;;Non accertato;Inesploso
2895399;12;08/07/2016 02:00;Strada Urbana;VIA APPIA PIGNATELLI;in prossimità;;del civico n.;111;;Scontro laterale fra veicoli in marcia;Curva senza visuale libera;Una carreggiata a doppio senso;Asciutto;Asfaltata;Verticale ed orizzontale;Sereno;Scarso;Buona;Sufficiente;1;0;0;1;12,52834;41,85139;-1;1;Autovettura privata;In marcia / fermata / arresto;Conducente;M;Illeso;0;;Utilizzato;Inesploso
2895399;12;08/07/2016 02:00;Strada Urbana;VIA APPIA PIGNATELLI;in prossimità;;del civico n.;111;;Scontro laterale fra veicoli in marcia;Curva senza visuale libera;Una carreggiata a doppio senso;Asciutto;Asfaltata;Verticale ed orizzontale;Sereno;Scarso;Buona;Sufficiente;1;0;0;1;12,52834;41,85139;-1;2;Motociclo a solo;In marcia / fermata / arresto;Conducente;M;Rimandato;0;NON DECEDUTO;Utilizzato;
2895404;12;08/07/2016 09:00;Provinciale entro l'abitato;VIA OSTIENSE;all'intersezione con;VIA DEL FOSSO DEL TORRINO;VIA DEL FOSSO DEL TORRINO;;;Scontro frontale fra veicoli in marcia;Incrocio;Una carreggiata a doppio senso;Asciutto;Asfaltata;Verticale ed orizzontale;Sereno;Normale;Buona;Ore Diurne;1;0;0;1;12,42161;41,80982;-1;1;Motociclo a solo;In marcia / fermata / arresto;Conducente;M;Ricoverato;0;NON DECEDUTO;;
2895404;12;08/07/2016 09:00;Provinciale entro l'abitato;VIA OSTIENSE;all'intersezione con;VIA DEL FOSSO DEL TORRINO;VIA DEL FOSSO DEL TORRINO;;;Scontro frontale fra veicoli in marcia;Incrocio;Una carreggiata a doppio senso;Asciutto;Asfaltata;Verticale ed orizzontale;Sereno;Normale;Buona;Ore Diurne;1;0;0;1;12,42161;41,80982;-1;2;Autovettura privata;In marcia / fermata / arresto;Conducente;F;Illeso;0;;Non accertato;Inesploso
2895412;13;12/07/2016 07:45;Strada Urbana;PIAZZA DEI RAVENNATI;da specificare;;;;xxxxxxxxxxxxxxx;Scontro laterale fra veicoli in marcia;Rettilineo;Due carreggiate;Asciutto;Asfaltata;Verticale ed orizzontale;Sereno;Normale;Buona;Ore Diurne;1;0;0;1;12,27662;41,72949;-1;1;Autovettura privata;In marcia / fermata / arresto;Conducente;M;Illeso;0;;Non accertato;Inesploso
2895412;13;12/07/2016 07:45;Strada Urbana;PIAZZA DEI RAVENNATI;da specificare;;;;xxxxxxxxxxxxxxx;Scontro laterale fra veicoli in marcia;Rettilineo;Due carreggiate;Asciutto;Asfaltata;Verticale ed orizzontale;Sereno;Normale;Buona;Ore Diurne;1;0;0;1;12,27662;41,72949;-1;2;Autovettura privata;In marcia / fermata / arresto;Conducente;M;Rimandato;0;NON DECEDUTO;Non accertato;Inesploso
2895413;15;12/07/2016 18:30;Strada Urbana;VIADOTTO DELLA MAGLIANA;da specificare;;;;rampa accesso viadotto direzione Eur;Scontro laterale fra veicoli in marcia;Rettilineo;Una carreggiata a doppio senso;Asciutto;Asfaltata;Assente;Sereno;Intenso;Buona;Ore Diurne;0;0;0;3;12,46325;41,84187;-1;1;Autocarro superiore 35 q.;In marcia / fermata / arresto;Conducente;M;Illeso;0;;Utilizzato;Inesistente
2895413;15;12/07/2016 18:30;Strada Urbana;VIADOTTO DELLA MAGLIANA;da specificare;;;;rampa accesso viadotto direzione Eur;Scontro laterale fra veicoli in marcia;Rettilineo;Una carreggiata a doppio senso;Asciutto;Asfaltata;Assente;Sereno;Intenso;Buona;Ore Diurne;0;0;0;3;12,46325;41,84187;-1;1;Autocarro superiore 35 q.;In marcia / fermata / arresto;Passeggero;M;Illeso;0;;Utilizzato;Inesistente
2895413;15;12/07/2016 18:30;Strada Urbana;VIADOTTO DELLA MAGLIANA;da specificare;;;;rampa accesso viadotto direzione Eur;Scontro laterale fra veicoli in marcia;Rettilineo;Una carreggiata a doppio senso;Asciutto;Asfaltata;Assente;Sereno;Intenso;Buona;Ore Diurne;0;0;0;3;12,46325;41,84187;-1;2;Autovettura privata;In marcia / fermata / arresto;Conducente;M;Illeso;0;;Utilizzato;Inesploso
2895416;12;12/07/2016 17:55;Strada Urbana;VIA GIUSEPPE LOPRESTI;all'intersezione con;VIA DI DECIMA;VIA DI DECIMA;;;Veicolo in marcia contro veicolo in sosta;Incrocio;Una carreggiata a senso unico di marcia;Asciutto;Asfaltata;Assente;Sereno;Normale;Buona;Ore Diurne;0;0;0;2;12,44406;41,82021;-1;1;Autovettura privata;In marcia / fermata / arresto;Conducente;F;Illeso;0;;Utilizzato;Inesploso
2895416;12;12/07/2016 17:55;Strada Urbana;VIA GIUSEPPE LOPRESTI;all'intersezione con;VIA DI DECIMA;VIA DI DECIMA;;;Veicolo in marcia contro veicolo in sosta;Incrocio;Una carreggiata a senso unico di marcia;Asciutto;Asfaltata;Assente;Sereno;Normale;Buona;Ore Diurne;0;0;0;2;12,44406;41,82021;-1;1;Autovettura privata;In marcia / fermata / arresto;Passeggero;M;Illeso;0;;Utilizzato;Inesploso
2895419;12;08/07/2016 11:00;Regionale;VIA PONTINA NUOVA;da specificare;;;;dir Roma Km 15,900;Tamponamento;Pendenza;Due carreggiate;Asciutto;Asfaltata;Verticale ed orizzontale;Sereno;Normale;Buona;Ore Diurne;0;0;0;3;12,49637;41,90278;-1;1;Autocarro inferiore 35 q.;In marcia / fermata / arresto;Conducente;M;Illeso;0;;Non accertato;Inesistente
2895419;12;08/07/2016 11:00;Regionale;VIA PONTINA NUOVA;da specificare;;;;dir Roma Km 15,900;Tamponamento;Pendenza;Due carreggiate;Asciutto;Asfaltata;Verticale ed orizzontale;Sereno;Normale;Buona;Ore Diurne;0;0;0;3;12,49637;41,90278;-1;2;Autovettura privata;In marcia / fermata / arresto;Conducente;M;Illeso;0;;Non accertato;Inesistente
2895419;12;08/07/2016 11:00;Regionale;VIA PONTINA NUOVA;da specificare;;;;dir Roma Km 15,900;Tamponamento;Pendenza;Due carreggiate;Asciutto;Asfaltata;Verticale ed orizzontale;Sereno;Normale;Buona;Ore Diurne;0;0;0;3;12,49637;41,90278;-1;2;Autovettura privata;In marcia / fermata / arresto;Passeggero;F;Illeso;0;;Non accertato;Inesistente
2895423;18;12/07/2016 16:50;Strada Urbana;VIA DI TORREVECCHIA;all'intersezione con;VIA ODOARDO GIOVE;VIA ODOARDO GIOVE;;;Scontro laterale fra veicoli in marcia;Intersezione non regolata/non segnalata;Una carreggiata a doppio senso;Asciutto;Strada pavimentata dissestata;Assente;Sereno;Normale;Buona;Ore Diurne;1;0;0;3;12,40541;41,91347;-1;1;Autovettura privata;In marcia / fermata / arresto;Conducente;M;Illeso;0;;Non accertato;Inesploso
2895423;18;12/07/2016 16:50;Strada Urbana;VIA DI TORREVECCHIA;all'intersezione con;VIA ODOARDO GIOVE;VIA ODOARDO GIOVE;;;Scontro laterale fra veicoli in marcia;Intersezione non regolata/non segnalata;Una carreggiata a doppio senso;Asciutto;Strada pavimentata dissestata;Assente;Sereno;Normale;Buona;Ore Diurne;1;0;0;3;12,40541;41,91347;-1;1;Autovettura privata;In marcia / fermata / arresto;Passeggero;F;Illeso;0;;Non accertato;Inesploso
2895423;18;12/07/2016 16:50;Strada Urbana;VIA DI TORREVECCHIA;all'intersezione con;VIA ODOARDO GIOVE;VIA ODOARDO GIOVE;;;Scontro laterale fra veicoli in marcia;Intersezione non regolata/non segnalata;Una carreggiata a doppio senso;Asciutto;Strada pavimentata dissestata;Assente;Sereno;Normale;Buona;Ore Diurne;1;0;0;3;12,40541;41,91347;-1;1;Autovettura privata;In marcia / fermata / arresto;Passeggero;M;Illeso;0;;Non accertato;Inesploso
2895423;18;12/07/2016 16:50;Strada Urbana;VIA DI TORREVECCHIA;all'intersezione con;VIA ODOARDO GIOVE;VIA ODOARDO GIOVE;;;Scontro laterale fra veicoli in marcia;Intersezione non regolata/non segnalata;Una carreggiata a doppio senso;Asciutto;Strada pavimentata dissestata;Assente;Sereno;Normale;Buona;Ore Diurne;1;0;0;3;12,40541;41,91347;-1;2;Motociclo a solo;In marcia / fermata / arresto;Conducente;M;Rimandato;0;NON DECEDUTO;Non accertato;
2895584;9;12/07/2016 18:25;Strada Urbana;VIA LA SPEZIA;da specificare;;;;fronte VIA S. SEVERO;Scontro laterale fra veicoli in marcia;Rettilineo;Una carreggiata a senso unico di marcia;Asciutto;Asfaltata;Verticale ed orizzontale;Sereno;Normale;Buona;Ore Diurne;1;0;0;1;12,51284;41,88595;-1;1;Autovettura privata;In marcia / fermata / arresto;Conducente;F;Illeso;0;;Non accertato;Inesploso
2895584;9;12/07/2016 18:25;Strada Urbana;VIA LA SPEZIA;da specificare;;;;fronte VIA S. SEVERO;Scontro laterale fra veicoli in marcia;Rettilineo;Una carreggiata a senso unico di marcia;Asciutto;Asfaltata;Verticale ed orizzontale;Sereno;Normale;Buona;Ore Diurne;1;0;0;1;12,51284;41,88595;-1;2;Motociclo a solo;In marcia / fermata / arresto;Conducente;M;Rimandato;0;NON DECEDUTO;Non accertato;
2895659;10;12/07/2016 09:30;Strada Urbana;VIALE LUIGI SCHIAVONETTI;in prossimità;;del civico n.;278;;Scontro frontale/laterale DX fra veicoli in marcia;Rettilineo;Una carreggiata a senso unico di marcia;Asciutto;Asfaltata;Verticale ed orizzontale;Sereno;Scarso;Buona;Ore Diurne;0;0;0;3;12,6126;41,84661;-1;1;Autovettura privata;In marcia / fermata / arresto;Conducente;M;Illeso;0;;Non accertato;Inesploso
2895659;10;12/07/2016 09:30;Strada Urbana;VIALE LUIGI SCHIAVONETTI;in prossimità;;del civico n.;278;;Scontro frontale/laterale DX fra veicoli in marcia;Rettilineo;Una carreggiata a senso unico di marcia;Asciutto;Asfaltata;Verticale ed orizzontale;Sereno;Scarso;Buona;Ore Diurne;0;0;0;3;12,6126;41,84661;-1;1;Autovettura privata;In marcia / fermata / arresto;Passeggero;M;Illeso;0;;Non accertato;Inesploso
2895659;10;12/07/2016 09:30;Strada Urbana;VIALE LUIGI SCHIAVONETTI;in prossimità;;del civico n.;278;;Scontro frontale/laterale DX fra veicoli in marcia;Rettilineo;Una carreggiata a senso unico di marcia;Asciutto;Asfaltata;Verticale ed orizzontale;Sereno;Scarso;Buona;Ore Diurne;0;0;0;3;12,6126;41,84661;-1;2;Autovettura privata;In marcia / fermata / arresto;Conducente;F;Illeso;0;;Non accertato;Inesploso
2895661;10;12/07/2016 19:00;Strada Urbana;VIA APPIA NUOVA;in prossimità;;del palo luce n.;382;;Tamponamento;Rettilineo;Due carreggiate;Asciutto;Asfaltata;Verticale ed orizzontale;Sereno;Normale;Buona;Ore Diurne;1;0;0;4;12,5516;41,83656;-1;1;Autovettura privata;In marcia / fermata / arresto;Conducente;M;Illeso;0;;Non accertato;Inesploso
2895661;10;12/07/2016 19:00;Strada Urbana;VIA APPIA NUOVA;in prossimità;;del palo luce n.;382;;Tamponamento;Rettilineo;Due carreggiate;Asciutto;Asfaltata;Verticale ed orizzontale;Sereno;Normale;Buona;Ore Diurne;1;0;0;4;12,5516;41,83656;-1;1;Autovettura privata;In marcia / fermata / arresto;Passeggero;M;Illeso;0;;Non accertato;Inesploso
2895661;10;12/07/2016 19:00;Strada Urbana;VIA APPIA NUOVA;in prossimità;;del palo luce n.;382;;Tamponamento;Rettilineo;Due carreggiate;Asciutto;Asfaltata;Verticale ed orizzontale;Sereno;Normale;Buona;Ore Diurne;1;0;0;4;12,5516;41,83656;-1;1;Autovettura privata;In marcia / fermata / arresto;Passeggero;F;Illeso;0;;Non accertato;Inesploso
2895661;10;12/07/2016 19:00;Strada Urbana;VIA APPIA NUOVA;in prossimità;;del palo luce n.;382;;Tamponamento;Rettilineo;Due carreggiate;Asciutto;Asfaltata;Verticale ed orizzontale;Sereno;Normale;Buona;Ore Diurne;1;0;0;4;12,5516;41,83656;-1;1;Autovettura privata;In marcia / fermata / arresto;Passeggero;M;Illeso;0;;Non accertato;Inesploso
2895661;10;12/07/2016 19:00;Strada Urbana;VIA APPIA NUOVA;in prossimità;;del palo luce n.;382;;Tamponamento;Rettilineo;Due carreggiate;Asciutto;Asfaltata;Verticale ed orizzontale;Sereno;Normale;Buona;Ore Diurne;1;0;0;4;12,5516;41,83656;-1;2;Motociclo a solo;In marcia / fermata / arresto;Conducente;M;Rimandato;0;NON DECEDUTO;Non accertato;
2895675;13;12/07/2016 12:20;Strada Urbana;VIALE DEI PROMONTORI;all'intersezione con;VIALE GIUSEPPE GENOESE ZERBI;VIALE GIUSEPPE GENOESE ZERBI;;;Scontro frontale/laterale DX fra veicoli in marcia;Incrocio;Due carreggiate;Asciutto;Asfaltata;Verticale;Sereno;Normale;Buona;Ore Diurne;0;0;0;2;12,29266;41,7372;-1;1;Autovettura privata;In marcia / fermata / arresto;Conducente;M;Illeso;0;;;
2895675;13;12/07/2016 12:20;Strada Urbana;VIALE DEI PROMONTORI;all'intersezione con;VIALE GIUSEPPE GENOESE ZERBI;VIALE GIUSEPPE GENOESE ZERBI;;;Scontro frontale/laterale DX fra veicoli in marcia;Incrocio;Due carreggiate;Asciutto;Asfaltata;Verticale;Sereno;Normale;Buona;Ore Diurne;0;0;0;2;12,29266;41,7372;-1;2;Autovettura di polizia;In marcia / fermata / arresto;Conducente;M;Illeso;0;;;
2895676;6;12/07/2016 12:55;Strada Urbana;VIA GABRIO SERBELLONI;all'intersezione con;VIA MUZIO ODDI;VIA MUZIO ODDI;;;Scontro frontale/laterale SX fra veicoli in marcia;Incrocio;Una carreggiata a senso unico di marcia;Asciutto;Asfaltata;Assente;Sereno;Scarso;Buona;Ore Diurne;0;0;0;3;12,54077;41,87759;-1;1;Autovettura privata;In marcia / fermata / arresto;Conducente;M;Illeso;0;;;
2895676;6;12/07/2016 12:55;Strada Urbana;VIA GABRIO SERBELLONI;all'intersezione con;VIA MUZIO ODDI;VIA MUZIO ODDI;;;Scontro frontale/laterale SX fra veicoli in marcia;Incrocio;Una carreggiata a senso unico di marcia;Asciutto;Asfaltata;Assente;Sereno;Scarso;Buona;Ore Diurne;0;0;0;3;12,54077;41,87759;-1;2;Autovettura privata;In marcia / fermata / arresto;Conducente;F;Illeso;0;;;
2895676;6;12/07/2016 12:55;Strada Urbana;VIA GABRIO SERBELLONI;all'intersezione con;VIA MUZIO ODDI;VIA MUZIO ODDI;;;Scontro frontale/laterale SX fra veicoli in marcia;Incrocio;Una carreggiata a senso unico di marcia;Asciutto;Asfaltata;Assente;Sereno;Scarso;Buona;Ore Diurne;0;0;0;3;12,54077;41,87759;-1;2;Autovettura privata;In marcia / fermata / arresto;Passeggero;F;Illeso;0;;;
2895692;13;12/07/2016 16:30;Strada Urbana;VIA FRANCESCO GRENET;all'intersezione con;VIA MARCELLO PUCCI BONCAMBI;VIA MARCELLO PUCCI BONCAMBI;;;Scontro frontale/laterale DX fra veicoli in marcia;Incrocio;Una carreggiata a senso unico di marcia;Asciutto;Asfaltata;Verticale;Sereno;Normale;Buona;Ore Diurne;0;0;0;2;12,26709;41,73615;-1;1;Autovettura privata;In marcia / fermata / arresto;Conducente;M;Illeso;0;;;
2895692;13;12/07/2016 16:30;Strada Urbana;VIA FRANCESCO GRENET;all'intersezione con;VIA MARCELLO PUCCI BONCAMBI;VIA MARCELLO PUCCI BONCAMBI;;;Scontro frontale/laterale DX fra veicoli in marcia;Incrocio;Una carreggiata a senso unico di marcia;Asciutto;Asfaltata;Verticale;Sereno;Normale;Buona;Ore Diurne;0;0;0;2;12,26709;41,73615;-1;2;Autovettura privata;In marcia / fermata / arresto;Conducente;M;Illeso;0;;;
2895693;13;12/07/2016 19:00;Strada Urbana;VIA BERNARDINO DA MONTICASTRO;all'intersezione con;VIA LEOPOLDO ORI;VIA LEOPOLDO ORI;;;Scontro frontale/laterale DX fra veicoli in marcia;Incrocio;Una carreggiata a senso unico di marcia;Asciutto;Asfaltata;Assente;Sereno;Intenso;Buona;Ore Diurne;0;0;0;4;12,31398;41,7167;-1;1;Autovettura privata;In marcia / fermata / arresto;Conducente;F;Illeso;0;;Non accertato;Inesploso
2895693;13;12/07/2016 19:00;Strada Urbana;VIA BERNARDINO DA MONTICASTRO;all'intersezione con;VIA LEOPOLDO ORI;VIA LEOPOLDO ORI;;;Scontro frontale/laterale DX fra veicoli in marcia;Incrocio;Una carreggiata a senso unico di marcia;Asciutto;Asfaltata;Assente;Sereno;Intenso;Buona;Ore Diurne;0;0;0;4;12,31398;41,7167;-1;2;Autovettura privata;In marcia / fermata / arresto;Conducente;M;Illeso;0;;Non accertato;Inesploso
2895693;13;12/07/2016 19:00;Strada Urbana;VIA BERNARDINO DA MONTICASTRO;all'intersezione con;VIA LEOPOLDO ORI;VIA LEOPOLDO ORI;;;Scontro frontale/laterale DX fra veicoli in marcia;Incrocio;Una carreggiata a senso unico di marcia;Asciutto;Asfaltata;Assente;Sereno;Intenso;Buona;Ore Diurne;0;0;0;4;12,31398;41,7167;-1;2;Autovettura privata;In marcia / fermata / arresto;Passeggero;F;Illeso;0;;Non accertato;Inesploso
2895693;13;12/07/2016 19:00;Strada Urbana;VIA BERNARDINO DA MONTICASTRO;all'intersezione con;VIA LEOPOLDO ORI;VIA LEOPOLDO ORI;;;Scontro frontale/laterale DX fra veicoli in marcia;Incrocio;Una carreggiata a senso unico di marcia;Asciutto;Asfaltata;Assente;Sereno;Intenso;Buona;Ore Diurne;0;0;0;4;12,31398;41,7167;-1;2;Autovettura privata;In marcia / fermata / arresto;Passeggero;F;Illeso;0;;Non accertato;Inesploso
2895743;11;12/07/2016 11:10;Strada Urbana;VIA DELL'ACCADEMIA AMBROSIANA;all'intersezione con;PIAZZA DELL'ACCADEMIA ANTIQUARIA;PIAZZA DELL'ACCADEMIA ANTIQUARIA;;;Investimento di pedone;Incrocio;Una carreggiata a doppio senso;Asciutto;Asfaltata;Assente;Sereno;Scarso;Buona;Ore Diurne;1;0;0;1;12,491;41,84621;-1;;;;Pedone;M;Rimandato;0;NON DECEDUTO;;
2895743;11;12/07/2016 11:10;Strada Urbana;VIA DELL'ACCADEMIA AMBROSIANA;all'intersezione con;PIAZZA DELL'ACCADEMIA ANTIQUARIA;PIAZZA DELL'ACCADEMIA ANTIQUARIA;;;Investimento di pedone;Incrocio;Una carreggiata a doppio senso;Asciutto;Asfaltata;Assente;Sereno;Scarso;Buona;Ore Diurne;1;0;0;1;12,491;41,84621;-1;1;Autovettura privata;In marcia / fermata / arresto;Conducente;F;Illeso;0;;;
2895758;5;12/07/2016 07:10;Strada Urbana;VIA DI SALONE;in prossimità;;del civico n.;149;;Veicolo in marcia contro veicolo fermo;Rettilineo;Una carreggiata a doppio senso;Asciutto;Asfaltata;Orizzontale;Sereno;Normale;Buona;Ore Diurne;0;0;0;3;12,62635;41,93175;-1;1;Autocarro inferiore 35 q.;In marcia / fermata / arresto;Conducente;M;Illeso;0;;Non accertato;Inesploso
2895758;5;12/07/2016 07:10;Strada Urbana;VIA DI SALONE;in prossimità;;del civico n.;149;;Veicolo in marcia contro veicolo fermo;Rettilineo;Una carreggiata a doppio senso;Asciutto;Asfaltata;Orizzontale;Sereno;Normale;Buona;Ore Diurne;0;0;0;3;12,62635;41,93175;-1;1;Autocarro inferiore 35 q.;In marcia / fermata / arresto;Passeggero;M;Illeso;0;;Non accertato;Inesploso
2895758;5;12/07/2016 07:10;Strada Urbana;VIA DI SALONE;in prossimità;;del civico n.;149;;Veicolo in marcia contro veicolo fermo;Rettilineo;Una carreggiata a doppio senso;Asciutto;Asfaltata;Orizzontale;Sereno;Normale;Buona;Ore Diurne;0;0;0;3;12,62635;41,93175;-1;2;Trattore stradale;In marcia / fermata / arresto;Conducente;M;Illeso;0;;Non accertato;Inesploso
2895762;20;12/07/2016 20:55;Strada Urbana;PIAZZA DELLA VISIONE;in corrispondenza;;del civico n.;16;;Investimento di pedone;Rettilineo;Una carreggiata a doppio senso;Asciutto;Asfaltata;Verticale ed orizzontale;Sereno;Normale;Buona;Sufficiente;1;0;0;1;12,38272;42,00311;-1;;;;Pedone;F;Rimandato;0;NON DECEDUTO;;
2895762;20;12/07/2016 20:55;Strada Urbana;PIAZZA DELLA VISIONE;in corrispondenza;;del civico n.;16;;Investimento di pedone;Rettilineo;Una carreggiata a doppio senso;Asciutto;Asfaltata;Verticale ed orizzontale;Sereno;Normale;Buona;Sufficiente;1;0;0;1;12,38272;42,00311;-1;1;Autovettura privata;In marcia / fermata / arresto;Conducente;M;Illeso;0;;Non accertato;
2895763;5;12/07/2016 07:30;Strada Urbana;VIA PIEVE TORINA;all'intersezione con;VIA DEL CASALE DI S. BASILIO;VIA DEL CASALE DI S. BASILIO;;;Tamponamento;Incrocio;Una carreggiata a doppio senso;Asciutto;Asfaltata;Orizzontale;Sereno;Normale;Buona;Ore Diurne;0;0;0;1;12,58446;41,93312;-1;1;Autovettura privata;In marcia / fermata / arresto;Conducente;F;Illeso;0;;Non accertato;Inesploso
2895766;12;08/07/2016 09:05;Strada Urbana;VIA ELIO VITTORINI;da specificare;;;;lato Via S. Quasimodo prossimità V.le C. Pavese;Veicolo in marcia contro ostacolo fisso;Curva a visuale libera;Una carreggiata a doppio senso;Asciutto;Asfaltata;Verticale;Sereno;Normale;Buona;Ore Diurne;0;0;0;1;12,46828;41,81874;-1;1;Autovettura privata;In marcia / fermata / arresto;Conducente;M;Illeso;0;;Non accertato;Inesploso
2895770;5;12/07/2016 11:00;Strada Urbana;NUOVA CIRCONVALLAZIONE INTERNA;da specificare;;;;dir. S. Giovanni, dopo Batteria Nomentana;Veicolo in marcia contro ostacolo fisso;Galleria illuminata;Una carreggiata a senso unico di marcia;Asciutto;Asfaltata;Verticale ed orizzontale;Sereno;Normale;Buona;Ore Diurne;1;0;0;0;12,52787;41,9281;-1;1;Autovettura privata;In marcia / fermata / arresto;Conducente;M;Rimandato;0;NON DECEDUTO;Non accertato;Inesistente