Protocollo;Gruppo;DataOraIncidente;Localizzazione1;STRADA1;Localizzazione2;STRADA2;Strada02;Chilometrica;DaSpecificare;NaturaIncidente;particolaritastrade;TipoStrada;FondoStradale;Pavimentazione;Segnaletica;CondizioneAtmosferica;Traffico;Visibilita;Illuminazione;NUM_FERITI;NUM_RISERVATA;NUM_MORTI;NUM_ILLESI;Longitudine;Latitudine;Confermato;Progressivo;TipoVeicolo;StatoVeicolo;TipoPersona;Sesso;Tipolesione;Deceduto;DecedutoDopo;CinturaCascoUtilizzato;Airbag
2911813;20;25/07/2016 08:50;Strada Urbana;VIA ATTILIO VERDIROSI;in corrispondenza;;del civico n.;27;;Scontro laterale fra veicoli in marcia;Rettilineo;Una carreggiata a doppio senso;Asciutto;Asfaltata;Assente;Sereno;Scarso;Buona;Ore Diurne;0;0;0;2;12,33428;42,06856;-1;2;Autovettura privata;In marcia / fermata / arresto;Conducente;M;Illeso;0;;;
2911815;11;25/07/2016 17:00;Strada Urbana;VIALE LEONARDO DA VINCI;all'intersezione con;VIA GIOVANNIPOLI;VIA GIOVANNIPOLI;;;Scontro frontale/laterale DX fra veicoli in marcia;Incrocio;Una carreggiata a doppio senso;Bagnato (pioggia);Asfaltata;Verticale ed orizzontale;Pioggia in atto;Normale;Buona;Ore Diurne;2;0;0;2;12,48038;41,85468;-1;1;Autovettura privata;In marcia / fermata / arresto;Conducente;F;Rifiuta cure immediate;0;NON DECEDUTO;Non accertato;
2911815;11;25/07/2016 17:00;Strada Urbana;VIALE LEONARDO DA VINCI;all'intersezione con;VIA GIOVANNIPOLI;VIA GIOVANNIPOLI;;;Scontro frontale/laterale DX fra veicoli in marcia;Incrocio;Una carreggiata a doppio senso;Bagnato (pioggia);Asfaltata;Verticale ed orizzontale;Pioggia in atto;Normale;Buona;Ore Diurne;2;0;0;2;12,48038;41,85468;-1;2;Autovettura privata;In marcia / fermata / arresto;Conducente;M;Illeso;0;;Non accertato;
2911815;11;25/07/2016 17:00;Strada Urbana;VIALE LEONARDO DA VINCI;all'intersezione con;VIA GIOVANNIPOLI;VIA GIOVANNIPOLI;;;Scontro frontale/laterale DX fra veicoli in marcia;Incrocio;Una carreggiata a doppio senso;Bagnato (pioggia);Asfaltata;Verticale ed orizzontale;Pioggia in atto;Normale;Buona;Ore Diurne;2;0;0;2;12,48038;41,85468;-1;2;Autovettura privata;In marcia / fermata / arresto;Passeggero;F;Rimandato;0;NON DECEDUTO;Non accertato;
2911815;11;25/07/2016 17:00;Strada Urbana;VIALE LEONARDO DA VINCI;all'intersezione con;VIA GIOVANNIPOLI;VIA GIOVANNIPOLI;;;Scontro frontale/laterale DX fra veicoli in marcia;Incrocio;Una carreggiata a doppio senso;Bagnato (pioggia);Asfaltata;Verticale ed orizzontale;Pioggia in atto;Normale;Buona;Ore Diurne;2;0;0;2;12,48038;41,85468;-1;2;Autovettura privata;In marcia / fermata / arresto;Passeggero;F;Illeso;0;;Non accertato;
2911818;15;25/07/2016 09:45;Strada Urbana;VIA PORTUENSE;in corrispondenza;;del civico n.;585/a;;Veicolo in marcia contro veicolo fermo;Rettilineo;Una carreggiata a doppio senso;Asciutto;Asfaltata;Verticale ed orizzontale;Sereno;Normale;Buona;Ore Diurne;1;0;0;2;12,44439;41,85492;-1;1;Autovettura privata;In marcia / fermata / arresto;Conducente;F;Illeso;0;;Utilizzato;Inesploso
2911818;15;25/07/2016 09:45;Strada Urbana;VIA PORTUENSE;in corrispondenza;;del civico n.;585/a;;Veicolo in marcia contro veicolo fermo;Rettilineo;Una carreggiata a doppio senso;Asciutto;Asfaltata;Verticale ed orizzontale;Sereno;Normale;Buona;Ore Diurne;1;0;0;2;12,44439;41,85492;-1;1;Autovettura privata;In marcia / fermata / arresto;Passeggero;F;Illeso;0;;Utilizzato;Inesploso
2911818;15;25/07/2016 09:45;Strada Urbana;VIA PORTUENSE;in corrispondenza;;del civico n.;585/a;;Veicolo in marcia contro veicolo fermo;Rettilineo;Una carreggiata a doppio senso;Asciutto;Asfaltata;Verticale ed orizzontale;Sereno;Normale;Buona;Ore Diurne;1;0;0;2;12,44439;41,85492;-1;2;Motociclo a solo;In marcia / fermata / arresto;Conducente;F;Ricoverato;0;NON DECEDUTO;Utilizzato;
2911824;4;25/07/2016 15:30;Strada Urbana;VIA SUVERETO;in corrispondenza;;del civico n.;30;;Scontro laterale fra veicoli in marcia;Curva a visuale libera;Una carreggiata a doppio senso;Asciutto;Asfaltata;Orizzontale;Nuvoloso;Normale;Buona;Ore Diurne;1;0;0;1;12,51819;41,95445;-1;1;Autovettura privata;In marcia / fermata / arresto;Conducente;M;Illeso;0;;Non accertato;
2911824;4;25/07/2016 15:30;Strada Urbana;VIA SUVERETO;in corrispondenza;;del civico n.;30;;Scontro laterale fra veicoli in marcia;Curva a visuale libera;Una carreggiata a doppio senso;Asciutto;Asfaltata;Orizzontale;Nuvoloso;Normale;Buona;Ore Diurne;1;0;0;1;12,51819;41,95445;-1;2;Motociclo a solo;In marcia / fermata / arresto;Conducente;F;Rimandato;0;NON DECEDUTO;Non accertato;
2911826;19;25/07/2016 20:00;Strada Urbana;VIA RIVOLI;da specificare;;;;alt. Via Chianocco;Scontro laterale fra veicoli in marcia;Curva senza visuale libera;Una carreggiata a doppio senso;Asciutto;Asfaltata;Assente;Nuvoloso;Scarso;Buona;Sufficiente;0;0;0;5;12,35426;41,95665;-1;1;Autovettura privata;In marcia / fermata / arresto;Conducente;M;Illeso;0;;Non accertato;
2911826;19;25/07/2016 20:00;Strada Urbana;VIA RIVOLI;da specificare;;;;alt. Via Chianocco;Scontro laterale fra veicoli in marcia;Curva senza visuale libera;Una carreggiata a doppio senso;Asciutto;Asfaltata;Assente;Nuvoloso;Scarso;Buona;Sufficiente;0;0;0;5;12,35426;41,95665;-1;1;Autovettura privata;In marcia / fermata / arresto;Passeggero;M;Illeso;0;;Non accertato;
2911826;19;25/07/2016 20:00;Strada Urbana;VIA RIVOLI;da specificare;;;;alt. Via Chianocco;Scontro laterale fra veicoli in marcia;Curva senza visuale libera;Una carreggiata a doppio senso;Asciutto;Asfaltata;Assente;Nuvoloso;Scarso;Buona;Sufficiente;0;0;0;5;12,35426;41,95665;-1;1;Autovettura privata;In marcia / fermata / arresto;Passeggero;F;Illeso;0;;Non accertato;
2911826;19;25/07/2016 20:00;Strada Urbana;VIA RIVOLI;da specificare;;;;alt. Via Chianocco;Scontro laterale fra veicoli in marcia;Curva senza visuale libera;Una carreggiata a doppio senso;Asciutto;Asfaltata;Assente;Nuvoloso;Scarso;Buona;Sufficiente;0;0;0;5;12,35426;41,95665;-1;2;Autovettura privata;In marcia / fermata / arresto;Conducente;M;Illeso;0;;Non accertato;
2911826;19;25/07/2016 20:00;Strada Urbana;VIA RIVOLI;da specificare;;;;alt. Via Chianocco;Scontro laterale fra veicoli in marcia;Curva senza visuale libera;Una carreggiata a doppio senso;Asciutto;Asfaltata;Assente;Nuvoloso;Scarso;Buona;Sufficiente;0;0;0;5;12,35426;41,95665;-1;2;Autovettura privata;In marcia / fermata / arresto;Passeggero;M;Illeso;0;;Non accertato;
2911835;5;25/07/2016 20:40;Strada Urbana;VIA TIBURTINA;da specificare;;;;pross. Forte Tiburtino alt. svolta dir. Roma centr;Scontro laterale fra veicoli in marcia;Rettilineo;Due carreggiate;Asciutto;Asfaltata;Verticale ed orizzontale;Sereno;Normale;Buona;Ore Diurne;0;0;0;3;12,57323;41,92521;-1;1;Autovettura privata;In marcia / fermata / arresto;Conducente;F;Illeso;0;;Non accertato;Inesploso
2911835;5;25/07/2016 20:40;Strada Urbana;VIA TIBURTINA;da specificare;;;;pross. Forte Tiburtino alt. svolta dir. Roma centr;Scontro laterale fra veicoli in marcia;Rettilineo;Due carreggiate;Asciutto;Asfaltata;Verticale ed orizzontale;Sereno;Normale;Buona;Ore Diurne;0;0;0;3;12,57323;41,92521;-1;2;Autovettura privata;In marcia / fermata / arresto;Conducente;M;Illeso;0;;Non accertato;Inesploso
2911835;5;25/07/2016 20:40;Strada Urbana;VIA TIBURTINA;da specificare;;;;pross. Forte Tiburtino alt. svolta dir. Roma centr;Scontro laterale fra veicoli in marcia;Rettilineo;Due carreggiate;Asciutto;Asfaltata;Verticale ed orizzontale;Sereno;Normale;Buona;Ore Diurne;0;0;0;3;12,57323;41,92521;-1;2;Autovettura privata;In marcia / fermata / arresto;Passeggero;F;Illeso;0;;Non accertato;Inesploso
2911838;7;25/07/2016 16:00;Strada Urbana;VIA DELLA VACCHERIA GIANNI;in corrispondenza;;del civico n.;120;;Veicolo in marcia contro veicolo in sosta;Rettilineo;Una carreggiata a doppio senso;Bagnato (pioggia);Asfaltata;Orizzontale;Nuvoloso;Normale;Buona;Ore Diurne;0;0;0;2;12,60624;41,88672;-1;1;Autocarro inferiore 35 q.;In marcia / fermata / arresto;Conducente;M;Illeso;0;;Non accertato;Inesploso
2911838;7;25/07/2016 16:00;Strada Urbana;VIA DELLA VACCHERIA GIANNI;in corrispondenza;;del civico n.;120;;Veicolo in marcia contro veicolo in sosta;Rettilineo;Una carreggiata a doppio senso;Bagnato (pioggia);Asfaltata;Orizzontale;Nuvoloso;Normale;Buona;Ore Diurne;0;0;0;2;12,60624;41,88672;-1;1;Autocarro inferiore 35 q.;In marcia / fermata / arresto;Passeggero;F;Illeso;0;;Non accertato;Inesistente
2911847;18;25/07/2016 22:15;Strada Urbana;VIA LEONE XIII;da specificare;;;;altezza VIA LEONE DEHON;Tamponamento Multiplo;Rettilineo;Due carreggiate;Asciutto;Asfaltata;Verticale ed orizzontale;Sereno;Normale;Sufficiente;Sufficiente;1;0;0;4;12,44038;41,88562;-1;1;Autovettura privata;In marcia / fermata / arresto;Conducente;M;Illeso;0;;Non accertato;Esploso
2911847;18;25/07/2016 22:15;Strada Urbana;VIA LEONE XIII;da specificare;;;;altezza VIA LEONE DEHON;Tamponamento Multiplo;Rettilineo;Due carreggiate;Asciutto;Asfaltata;Verticale ed orizzontale;Sereno;Normale;Sufficiente;Sufficiente;1;0;0;4;12,44038;41,88562;-1;1;Autovettura privata;In marcia / fermata / arresto;Passeggero;F;Illeso;0;;Non accertato;Esploso
2911847;18;25/07/2016 22:15;Strada Urbana;VIA LEONE XIII;da specificare;;;;altezza VIA LEONE DEHON;Tamponamento Multiplo;Rettilineo;Due carreggiate;Asciutto;Asfaltata;Verticale ed orizzontale;Sereno;Normale;Sufficiente;Sufficiente;1;0;0;4;12,44038;41,88562;-1;2;Autovettura privata;In marcia / fermata / arresto;Conducente;M;Illeso;0;;Non accertato;Inesploso
2911847;18;25/07/2016 22:15;Strada Urbana;VIA LEONE XIII;da specificare;;;;altezza VIA LEONE DEHON;Tamponamento Multiplo;Rettilineo;Due carreggiate;Asciutto;Asfaltata;Verticale ed orizzontale;Sereno;Normale;Sufficiente;Sufficiente;1;0;0;4;12,44038;41,88562;-1;3;Autovettura privata;In marcia / fermata / arresto;Conducente;M;Illeso;0;;Utilizzato;Inesploso
2911847;18;25/07/2016 22:15;Strada Urbana;VIA LEONE XIII;da specificare;;;;altezza VIA LEONE DEHON;Tamponamento Multiplo;Rettilineo;Due carreggiate;Asciutto;Asfaltata;Verticale ed orizzontale;Sereno;Normale;Sufficiente;Sufficiente;1;0;0;4;12,44038;41,88562;-1;4;Autovettura privata;In marcia / fermata / arresto;Conducente;F;Rimandato;0;NON DECEDUTO;Non accertato;Inesploso
2911851;18;25/07/2016 13:50;Statale entro l'abitato;VIA AURELIA;in prossimità;;del civico n.;511;;Tamponamento;Rettilineo;Una carreggiata a doppio senso;Asciutto;Asfaltata;Verticale ed orizzontale;Sereno;Normale;Buona;Ore Diurne;1;0;0;1;12,42346;41,89801;-1;1;Autocarro superiore 35 q.;In marcia / fermata / arresto;Conducente;M;Illeso;0;;;
2911851;18;25/07/2016 13:50;Statale entro l'abitato;VIA AURELIA;in prossimità;;del civico n.;511;;Tamponamento;Rettilineo;Una carreggiata a doppio senso;Asciutto;Asfaltata;Verticale ed orizzontale;Sereno;Normale;Buona;Ore Diurne;1;0;0;1;12,42346;41,89801;-1;2;Ciclomotore;In marcia / fermata / arresto;Conducente;M;Rimandato;0;NON DECEDUTO;Non accertato;
2911854;20;25/07/2016 09:00;Strada Urbana;VIALE DELLO STADIO OLIMPICO;in corrispondenza;;del palo luce n.;19;;Veicolo in marcia contro ostacolo accidentale;Curva a visuale libera;Una carreggiata a senso unico di marcia;Asciutto;Asfaltata;Orizzontale;Sereno;Normale;Buona;Ore Diurne;1;0;0;0;12,45417;41,9299;-1;1;Motociclo a solo;In marcia / fermata / arresto;Conducente;F;Rimandato;0;NON DECEDUTO;;
2911856;18;25/07/2016 14:30;Strada Urbana;VIA GREGORIO VII;da specificare;;;;in corrispondenza fronte civico 530;Tamponamento;Rettilineo;Una carreggiata a senso unico di marcia;Asciutto;Asfaltata;Verticale ed orizzontale;Sereno;Normale;Buona;Ore Diurne;0;0;0;2;12,43076;41,89464;-1;1;Autovettura privata;In marcia / fermata / arresto;Conducente;F;Illeso;0;;;
2911856;18;25/07/2016 14:30;Strada Urbana;VIA GREGORIO VII;da specificare;;;;in corrispondenza fronte civico 530;Tamponamento;Rettilineo;Una carreggiata a senso unico di marcia;Asciutto;Asfaltata;Verticale ed orizzontale;Sereno;Normale;Buona;Ore Diurne;0;0;0;2;12,43076;41,89464;-1;2;Autovettura privata;In marcia / fermata / arresto;Conducente;F;Illeso;0;;;
2911861;18;25/07/2016 13:30;Statale;VIA AURELIA;da specificare;;;;direzione Civitavecchia rampa GRA;Ribaltamento senza urto contro ostacolo fisso;Pendenza;Due carreggiate;Asciutto;Asfaltata;Verticale ed orizzontale;Sereno;Normale;Buona;Ore Diurne;1;0;0;0;12,38355;41,88541;-1;1;Motociclo a solo;In marcia / fermata / arresto;Conducente;M;Rifiuta cure immediate;0;NON DECEDUTO;Non accertato;
2911866;18;26/07/2016 00:15;Strada Urbana;VIA OSTIENSE;da specificare;;;;in prossimità di VIA SARSINA;Scontro frontale fra veicoli in marcia;Rettilineo;Una carreggiata a doppio senso;Asciutto;Asfaltata;Verticale ed orizzontale;Sereno;Normale;Sufficiente;Sufficiente;2;0;0;1;12,42161;41,80982;-1;1;Autovettura privata;In marcia / fermata / arresto;Conducente;M;Rimandato;0;NON DECEDUTO;Non accertato;Inesploso
2911866;18;26/07/2016 00:15;Strada Urbana;VIA OSTIENSE;da specificare;;;;in prossimità di VIA SARSINA;Scontro frontale fra veicoli in marcia;Rettilineo;Una carreggiata a doppio senso;Asciutto;Asfaltata;Verticale ed orizzontale;Sereno;Normale;Sufficiente;Sufficiente;2;0;0;1;12,42161;41,80982;-1;2;Autovettura privata;In marcia / fermata / arresto;Conducente;M;Rimandato;0;NON DECEDUTO;Non accertato;Inesploso
2911866;18;26/07/2016 00:15;Strada Urbana;VIA OSTIENSE;da specificare;;;;in prossimità di VIA SARSINA;Scontro frontale fra veicoli in marcia;Rettilineo;Una carreggiata a doppio senso;Asciutto;Asfaltata;Verticale ed orizzontale;Sereno;Normale;Sufficiente;Sufficiente;2;0;0;1;12,42161;41,80982;-1;2;Autovettura privata;In marcia / fermata / arresto;Passeggero;M;Illeso;0;;Non accertato;Inesploso
2911868;17;25/07/2016 15:40;Strada Urbana;VIA DI PORTA CASTELLO;da specificare;;;;altezza civico 7;Infortunio per sola frenata improvvisa;Rettilineo;Una carreggiata a senso unico di marcia;Viscido da liquidi oleosi;Acciotolata;Assente;Nuvoloso;Normale;Sufficiente;Ore Diurne;0;0;0;1;12,46319;41,90411;-1;1;Motociclo a solo;In marcia / fermata / arresto;Conducente;M;Illeso;0;;;
2911872;17;25/07/2016 09:00;Strada Urbana;VIALE DELLO STADIO OLIMPICO;in prossimità;;del palo luce n.;22;;Tamponamento;Pendenza;Una carreggiata a senso unico di marcia;Viscido da liquidi oleosi;Asfaltata;Verticale ed orizzontale;Sereno;Normale;Buona;Ore Diurne;3;0;0;0;12,45417;41,9299;-1;1;Autovettura privata;In marcia / fermata / arresto;Conducente;M;Rimandato;0;NON DECEDUTO;Non accertato;Inesploso
2911872;17;25/07/2016 09:00;Strada Urbana;VIALE DELLO STADIO OLIMPICO;in prossimità;;del palo luce n.;22;;Tamponamento;Pendenza;Una carreggiata a senso unico di marcia;Viscido da liquidi oleosi;Asfaltata;Verticale ed orizzontale;Sereno;Normale;Buona;Ore Diurne;3;0;0;0;12,45417;41,9299;-1;2;Autovettura privata;In marcia / fermata / arresto;Conducente;M;Rimandato;0;NON DECEDUTO;;
2911872;17;25/07/2016 09:00;Strada Urbana;VIALE DELLO STADIO OLIMPICO;in prossimità;;del palo luce n.;22;;Tamponamento;Pendenza;Una carreggiata a senso unico di marcia;Viscido da liquidi oleosi;Asfaltata;Verticale ed orizzontale;Sereno;Normale;Buona;Ore Diurne;3;0;0;0;12,45417;41,9299;-1;2;Autovettura privata;In marcia / fermata / arresto;Passeggero;F;Rimandato;0;NON DECEDUTO;;
2911876;17;25/07/2016 23:35;Strada Urbana;LUNGOTEVERE PRATI;in corrispondenza;;del civico n.;4;;Veicolo in marcia contro veicolo in sosta;Rettilineo;Una carreggiata a senso unico di marcia;Asciutto;Asfaltata;Verticale ed orizzontale;Sereno;Normale;Buona;Sufficiente;1;0;0;0;12,47222;41,90389;-1;1;Autovettura privata;In marcia / fermata / arresto;Conducente;F;Rimandato;0;NON DECEDUTO;Non accertato;Inesploso
2911885;12;25/07/2016 18:45;Strada Urbana;VIALE DEI CADUTI PER LA RESISTENZA;in corrispondenza;;del civico n.;275;;Tamponamento Multiplo;Rettilineo;Una carreggiata a senso unico di marcia;Bagnato (pioggia);Asfaltata;Verticale ed orizzontale;Pioggia in atto;Normale;Buona;Ore Diurne;0;0;0;4;12,44106;41,78199;-1;1;Autovettura privata;In marcia / fermata / arresto;Conducente;M;Illeso;0;;Non accertato;Inesploso
2911885;12;25/07/2016 18:45;Strada Urbana;VIALE DEI CADUTI PER LA RESISTENZA;in corrispondenza;;del civico n.;275;;Tamponamento Multiplo;Rettilineo;Una carreggiata a senso unico di marcia;Bagnato (pioggia);Asfaltata;Verticale ed orizzontale;Pioggia in atto;Normale;Buona;Ore Diurne;0;0;0;4;12,44106;41,78199;-1;2;Autovettura privata;In marcia / fermata / arresto;Conducente;F;Illeso;0;;Non accertato;Inesploso
2911885;12;25/07/2016 18:45;Strada Urbana;VIALE DEI CADUTI PER LA RESISTENZA;in corrispondenza;;del civico n.;275;;Tamponamento Multiplo;Rettilineo;Una carreggiata a senso unico di marcia;Bagnato (pioggia);Asfaltata;Verticale ed orizzontale;Pioggia in atto;Normale;Buona;Ore Diurne;0;0;0;4;12,44106;41,78199;-1;3;Autovettura privata;In marcia / fermata / arresto;Conducente;M;Illeso;0;;Non accertato;Inesploso
2911885;12;25/07/2016 18:45;Strada Urbana;VIALE DEI CADUTI PER LA RESISTENZA;in corrispondenza;;del civico n.;275;;Tamponamento Multiplo;Rettilineo;Una carreggiata a senso unico di marcia;Bagnato (pioggia);Asfaltata;Verticale ed orizzontale;Pioggia in atto;Normale;Buona;Ore Diurne;0;0;0;4;12,44106;41,78199;-1;3;Autovettura privata;In marcia / fermata / arresto;Passeggero;M;Illeso;0;;Utilizzato;Inesploso
2911895;17;25/07/2016 07:30;Strada Urbana;VIALE ANGELICO;all'intersezione semaforizzata con;VIA SABOTINO;VIA SABOTINO;;;Scontro frontale/laterale SX fra veicoli in marcia;Intersezione semaforizzata;Più di due carreggiate;Asciutto;Asfaltata;Verticale ed orizzontale;Sereno;Normale;Buona;Ore Diurne;1;0;0;1;12,45871;41,91737;-1;1;Autovettura privata;In marcia / fermata / arresto;Conducente;M;Rimandato;0;NON DECEDUTO;;
2911895;17;25/07/2016 07:30;Strada Urbana;VIALE ANGELICO;all'intersezione semaforizzata con;VIA SABOTINO;VIA SABOTINO;;;Scontro frontale/laterale SX fra veicoli in marcia;Intersezione semaforizzata;Più di due carreggiate;Asciutto;Asfaltata;Verticale ed orizzontale;Sereno;Normale;Buona;Ore Diurne;1;0;0;1;12,45871;41,91737;-1;2;Autocarro inferiore 35 q.;In marcia / fermata / arresto;Conducente;M;Illeso;0;;;
2911901;20;25/07/2016 11:00;Regionale entro l'abitato;VIA FLAMINIA;da specificare;;;;altez. cavalcavia n.4 (Grottarossa);Infortunio per sola frenata improvvisa;Rettilineo;Più di due carreggiate;Asciutto;Asfaltata;Orizzontale;Sereno;Normale;Buona;Ore Diurne;0;0;0;1;12,48882;41,96362;-1;1;Motociclo a solo;In marcia / fermata / arresto;Conducente;M;Illeso;0;;Non accertato;
2911933;20;25/07/2016 19:20;Strada Urbana;VIA DELLA CRESCENZA;da specificare;;;;senza numero civico;Tamponamento Multiplo;Curva senza visuale libera;Una carreggiata a doppio senso;Bagnato (pioggia);Asfaltata;Assente;Nuvoloso;Normale;Buona;Ore Diurne;0;0;0;3;12,46224;41,96995;-1;1;Autovettura privata;In marcia / fermata / arresto;Conducente;M;Illeso;0;;Non accertato;
2911933;20;25/07/2016 19:20;Strada Urbana;VIA DELLA CRESCENZA;da specificare;;;;senza numero civico;Tamponamento Multiplo;Curva senza visuale libera;Una carreggiata a doppio senso;Bagnato (pioggia);Asfaltata;Assente;Nuvoloso;Normale;Buona;Ore Diurne;0;0;0;3;12,46224;41,96995;-1;2;Autovettura privata;In marcia / fermata / arresto;Conducente;F;Illeso;0;;Non accertato;
2911933;20;25/07/2016 19:20;Strada Urbana;VIA DELLA CRESCENZA;da specificare;;;;senza numero civico;Tamponamento Multiplo;Curva senza visuale libera;Una carreggiata a doppio senso;Bagnato (pioggia);Asfaltata;Assente;Nuvoloso;Normale;Buona;Ore Diurne;0;0;0;3;12,46224;41,96995;-1;3;Autovettura privata;In marcia / fermata / arresto;Conducente;F;Illeso;0;;Non accertato;
2911938;17;26/07/2016 09:00;Strada Urbana;VIA GIUSEPPE FERRARI;in prossimità;;del civico n.;23;;Scontro laterale fra veicoli in marcia;Rettilineo;Una carreggiata a doppio senso;Asciutto;Asfaltata;Verticale ed orizzontale;Sereno;Normale;Buona;Ore Diurne;0;0;0;3;12,46437;41,91435;-1;1;Autocarro inferiore 35 q.;In marcia / fermata / arresto;Conducente;M;Illeso;0;;Non accertato;
2911938;17;26/07/2016 09:00;Strada Urbana;VIA GIUSEPPE FERRARI;in prossimità;;del civico n.;23;;Scontro laterale fra veicoli in marcia;Rettilineo;Una carreggiata a doppio senso;Asciutto;Asfaltata;Verticale ed orizzontale;Sereno;Normale;Buona;Ore Diurne;0;0;0;3;12,46437;41,91435;-1;1;Autocarro inferiore 35 q.;In marcia / fermata / arresto;Passeggero;M;Illeso;0;;;
2911938;17;26/07/2016 09:00;Strada Urbana;VIA GIUSEPPE FERRARI;in prossimità;;del civico n.;23;;Scontro laterale fra veicoli in marcia;Rettilineo;Una carreggiata a doppio senso;Asciutto;Asfaltata;Verticale ed orizzontale;Sereno;Normale;Buona;Ore Diurne;0;0;0;3;12,46437;41,91435;-1;2;Motociclo con passeggero;In marcia / fermata / arresto;Conducente;F;Illeso;0;;Non accertato;
2911940;7;25/07/2016 19:30;Strada Urbana;VIA CASILINA;all'intersezione con;VIA GIUSEPPE BERNERI;VIA GIUSEPPE BERNERI;;;Scontro frontale/laterale SX fra veicoli in marcia;Incrocio;Una carreggiata a doppio senso;Asciutto;Asfaltata;Verticale ed orizzontale;Sereno;Normale;Buona;Ore Diurne;1;0;0;5;12,58637;41,86878;-1;1;Motociclo a solo;In marcia / fermata / arresto;Conducente;M;Rimandato;0;NON DECEDUTO;Non accertato;
2911940;7;25/07/2016 19:30;Strada Urbana;VIA CASILINA;all'intersezione con;VIA GIUSEPPE BERNERI;VIA GIUSEPPE BERNERI;;;Scontro frontale/laterale SX fra veicoli in marcia;Incrocio;Una carreggiata a doppio senso;Asciutto;Asfaltata;Verticale ed orizzontale;Sereno;Normale;Buona;Ore Diurne;1;0;0;5;12,58637;41,86878;-1;2;Autovettura privata;In marcia / fermata / arresto;Conducente;M;Illeso;0;;Non accertato;Inesploso
2911940;7;25/07/2016 19:30;Strada Urbana;VIA CASILINA;all'intersezione con;VIA GIUSEPPE BERNERI;VIA GIUSEPPE BERNERI;;;Scontro frontale/laterale SX fra veicoli in marcia;Incrocio;Una carreggiata a doppio senso;Asciutto;Asfaltata;Verticale ed orizzontale;Sereno;Normale;Buona;Ore Diurne;1;0;0;5;12,58637;41,86878;-1;2;Autovettura privata;In marcia / fermata / arresto;Passeggero;M;Illeso;0;;Non accertato;Inesploso
2911940;7;25/07/2016 19:30;Strada Urbana;VIA CASILINA;all'intersezione con;VIA GIUSEPPE BERNERI;VIA GIUSEPPE BERNERI;;;Scontro frontale/laterale SX fra veicoli in marcia;Incrocio;Una carreggiata a doppio senso;Asciutto;Asfaltata;Verticale ed orizzontale;Sereno;Normale;Buona;Ore Diurne;1;0;0;5;12,58637;41,86878;-1;2;Autovettura privata;In marcia / fermata / arresto;Passeggero;M;Illeso;0;;Non accertato;Inesploso
2911940;7;25/07/2016 19:30;Strada Urbana;VIA CASILINA;all'intersezione con;VIA GIUSEPPE BERNERI;VIA GIUSEPPE BERNERI;;;Scontro frontale/laterale SX fra veicoli in marcia;Incrocio;Una carreggiata a doppio senso;Asciutto;Asfaltata;Verticale ed orizzontale;Sereno;Normale;Buona;Ore Diurne;1;0;0;5;12,58637;41,86878;-1;2;Autovettura privata;In marcia / fermata / arresto;Passeggero;F;Illeso;0;;Non accertato;Inesploso
2911940;7;25/07/2016 19:30;Strada Urbana;VIA CASILINA;all'intersezione con;VIA GIUSEPPE BERNERI;VIA GIUSEPPE BERNERI;;;Scontro frontale/laterale SX fra veicoli in marcia;Incrocio;Una carreggiata a doppio senso;Asciutto;Asfaltata;Verticale ed orizzontale;Sereno;Normale;Buona;Ore Diurne;1;0;0;5;12,58637;41,86878;-1;2;Autovettura privata;In marcia / fermata / arresto;Passeggero;M;Illeso;0;;Non accertato;Inesploso
2911948;17;25/07/2016 16:10;Strada Urbana;BORGO S. ANGELO;da specificare;;;;altezza Via della Traspontina;Ribaltamento senza urto contro ostacolo fisso;Rettilineo;Una carreggiata a senso unico di marcia;Viscido da liquidi oleosi;In cubetti di porfido;Verticale ed orizzontale;Nuvoloso;Normale;Buona;Ore Diurne;1;0;0;0;12,46253;41,90332;-1;1;Motociclo a solo;In marcia / fermata / arresto;Conducente;M;Rimandato;0;NON DECEDUTO;Non accertato;
2911951;12;15/07/2016 10:55;Strada Urbana;VIA CRISTOFORO COLOMBO;da specificare;;;;dir.e Roma centro prox C. Levi ;Veicolo in marcia contro ostacolo fisso;Curva a visuale libera;Una carreggiata a senso unico di marcia;Bagnato (pioggia);Asfaltata;Verticale ed orizzontale;Nuvoloso;Normale;Buona;Ore Diurne;1;0;0;0;12,42449;41,78815;-1;1;Autovettura privata;In marcia / fermata / arresto;Conducente;F;Rimandato;0;NON DECEDUTO;Utilizzato;Inesploso
2911988;2;25/07/2016 14:45;Strada Urbana;VIALE PARIOLI;all'intersezione con;VIA CARLO STUPARICH;VIA CARLO STUPARICH;;;Scontro frontale fra veicoli in marcia;Incrocio;Una carreggiata a doppio senso;Asciutto;Asfaltata;Verticale ed orizzontale;Sereno;Normale;Buona;Ore Diurne;1;0;0;1;12,48571;41,92951;-1;1;Autovettura privata;In marcia / fermata / arresto;Conducente;M;Illeso;0;;Non accertato;Inesploso